Re_omega,Im_omega,krein
0.49999988674797852,0,1
-0.00052403185400451413,0,1
0.00052403185399621001,0,-1
1.3347822752075962,0,1
1.0886298140709683,0,1
0.88304935493002668,0,1
1.3347822974696435,0,1
1.0886298507797778,0,1
0.71922628631012375,0,1
0.59902969078896684,0,1
0.52506103847595875,0,1
0.88304941544384352,0,1
0.71922638416621343,0,1
0.5990298402098404,0,1
0.52506124087940342,0,1
-9.0042327439660182e-16,0.0012542275953727491,-1
-9.0042327439660182e-16,-0.0012542275953727491,-1
-0.49999988674802143,0,-1
-1.3347822752076151,0,-1
-0.88304935493007308,0,-1
-1.0886298140709503,0,-1
-0.52506103847598351,0,-1
-0.59902969078897172,0,-1
-1.3347822974696195,0,-1
-1.0886298507797796,0,-1
-0.71922628631016239,0,-1
-0.71922638416623219,0,-1
-0.59902984020987049,0,-1
-0.88304941544384197,0,-1
-0.5250612408794082,0,-1
