omega,Gamma
0.050000000000000003,0.0070653097003370224
0.076271186440677971,0.016331437416198132
0.10254237288135594,0.029244677529965787
0.12881355932203392,0.045598524093154243
0.15508474576271186,0.06513841778542484
0.18135593220338986,0.08757034934269721
0.2076271186440678,0.11257030184910531
0.23389830508474574,0.13979402014051412
0.26016949152542374,0.1688866260947687
0.28644067796610173,0.19949166191534251
0.31271186440677967,0.23125922928688572
0.33898305084745761,0.26385298933553353
0.36525423728813561,0.29695588627764047
0.3915254237288136,0.33027454800708045
0.41779661016949149,0.36354239368914992
0.44406779661016949,0.39652153836893606
0.47033898305084748,0.4290036267045097
0.49661016949152542,0.46080975311004607
0.52288135593220342,0.49178963602325204
0.54915254237288136,0.52182021257282973
0.57542372881355941,0.55080380970231169
0.60169491525423735,0.57866603174443454
0.62796610169491529,0.60535348509557074
0.65423728813559323,0.63083144008115333
0.68050847457627128,0.65508150988141212
0.70677966101694922,0.67809940756943154
0.73305084745762727,0.69989282555316934
0.7593220338983051,0.7204794673308299
0.78559322033898304,0.73988524953871204
0.8118644067796611,0.75814268269467522
0.83813559322033904,0.77528943161298569
0.86440677966101709,0.79136705092348614
0.89067796610169503,0.8064198871840591
0.91694915254237286,0.82049413644813063
0.94322033898305091,0.83363704457596433
0.96949152542372885,0.84589623682591752
0.9957627118644069,0.85731916312831358
1.0220338983050847,0.86795264576171594
1.0483050847457627,0.877842516781843
1.0745762711864408,0.88703333338781076
1.1008474576271188,0.89556816036389619
1.1271186440677967,0.90348840974320566
1.1533898305084747,0.91083372885512481
1.1796610169491526,0.91764192890755236
1.2059322033898305,0.92394894719482723
1.2322033898305085,0.92978883689850089
1.2584745762711864,0.93519377925259828
1.2847457627118646,0.94019411357439353
1.3110169491525425,0.94481838131600671
1.3372881355932205,0.94909338087371431
1.3635593220338984,0.9530442304046759
1.3898305084745763,0.95669443634972129
1.4161016949152545,0.96006596575129888
1.4423728813559324,0.96317932079322288
1.4686440677966102,0.96605361427897463
1.4949152542372881,0.96870664501330594
1.521186440677966,0.97115497226272007
1.5474576271186442,0.97341398864868123
1.5737288135593221,0.97549799097730316
1.6000000000000001,0.97742024863458576
