kappa_g,kappa_kin,T_H
0,1.9993839992620086,0.31821184662139107
0.050000000000000003,1.9871552362332041,0.31626557853745746
0.10000000000000001,1.9517727884184162,0.31063428706904289
0.14999999999999999,1.8967822064893067,0.3018822641315253
0.20000000000000001,1.8270601886521816,0.29078566035040554
0.25,1.7477760707158678,0.27816720107216042
0.29999999999999999,1.6635880450803306,0.26476826064311743
0.34999999999999998,1.5782181932042187,0.25118122672601134
0.40000000000000002,1.4943582326754306,0.23783449948036345
0.45000000000000001,1.4137779840740454,0.22500975459987921
0.5,1.3375173804765292,0.21287250257416293
0.55000000000000004,1.2660855055684039,0.20150376658821287
0.59999999999999998,1.19963039955721,0.19092710797283544
0.65000000000000002,1.1380693238935859,0.18112935847891548
0.69999999999999996,1.0811820755516748,0.17207547170640408
0.75,1.0286745810900184,0.16371864441346115
0.80000000000000004,0.98022047797969547,0.15600693439036889
0.84999999999999998,0.9354872216569915,0.14888741552601376
0.90000000000000002,0.8941517070950491,0.14230866405823361
0.94999999999999996,0.85590898797380754,0.13622214627281307
1,0.82047656971351668,0.13058290176098825
