omega,E_N,E_N_cross,nu_minus
0.050000000000000003,3.0538688873533482,3.0538688873533482,0.047176052031882014
0.076271186440677971,2.6325808080291981,2.6325808080291981,0.071892681400145209
0.10254237288135594,2.3379912739582549,2.3379912739582549,0.096521328536198922
0.12881355932203392,2.1116974541617073,2.1116974541617077,0.12103234510846152
0.15508474576271186,1.9282897333992268,1.9282897333992268,0.14539665300082294
0.18135593220338986,1.7743958166900069,1.7743958166900069,0.16958587951111356
0.2076271186440678,1.6421032350595668,1.6421032350595668,0.19357248540928948
0.23389830508474574,1.5263388739136239,1.5263388739136239,0.2173298846740622
0.26016949152542374,1.4236533800538824,1.4236533800538824,0.24083255486727947
0.28644067796610173,1.3315935573037718,1.3315935573037716,0.26405613726016042
0.31271186440677967,1.2483513729413216,1.2483513729413216,0.28697752599068094
0.33898305084745761,1.1725550652729528,1.1725550652729528,0.30957494570303318
0.36525423728813561,1.103138464482655,1.103138464482655,0.33182801729420108
0.3915254237288136,1.039255826205737,1.039255826205737,0.35371781156548904
0.41779661016949149,0.98022439398990979,0.98022439398990979,0.37522689074472071
0.44406779661016949,0.9254845205160589,0.9254845205160589,0.39633933800455651
0.47033898305084748,0.87457127958693759,0.87457127958693759,0.41704077525111849
0.49661016949152542,0.82709381460239129,0.82709381460239129,0.43731836959250231
0.52288135593220342,0.782720026547856,0.78272002654785611,0.45716082901692839
0.54915254237288136,0.74116502842321641,0.7411650284232163,0.47655838791390082
0.57542372881355941,0.70218230836012385,0.70218230836012407,0.4955027831579677
0.60169491525423735,0.66555687464694846,0.66555687464694868,0.51398722154317611
0.62796610169491529,0.63109987353253227,0.63109987353253227,0.53200633940720543
0.65423728813559323,0.59864431687857622,0.59864431687857633,0.54955615531796498
0.68050847457627128,0.56804165683111529,0.56804165683111507,0.56663401671304181
0.70677966101694922,0.53915901442029457,0.53915901442029435,0.58323854138493214
0.73305084745762727,0.5118769183593922,0.51187691835939231,0.59936955469389508
0.7593220338983051,0.48608744576321788,0.48608744576321788,0.61502802336707008
0.78559322033898304,0.46169268230560845,0.46169268230560861,0.63021598670885326
0.8118644067796611,0.4386034383448339,0.43860343834483406,0.64493648600514575
0.83813559322033904,0.41673817171191424,0.41673817171191402,0.65919349285465134
0.86440677966101709,0.3960220785260305,0.39602207852603033,0.67299183710556265
0.89067796610169503,0.37638632151595625,0.3763863215159563,0.68633713501729088
0.91694915254237286,0.35776737155508526,0.35776737155508526,0.69923571820582997
0.94322033898305091,0.34010644293961489,0.34010644293961462,0.71169456386919538
0.96949152542372885,0.32334900670238298,0.32334900670238287,0.72372122672732497
0.9957627118644069,0.30744436921339702,0.30744436921339696,0.73532377304989005
1.0220338983050847,0.29234530566055805,0.29234530566055783,0.74651071708648109
1.0483050847457627,0.27800773987098343,0.27800773987098348,0.757290960157324
1.0745762711864408,0.26439046343041794,0.26439046343041794,0.76767373260959471
1.1008474576271188,0.25145488826572554,0.25145488826572565,0.77766853879495068
1.1271186440677967,0.23916482783467333,0.23916482783467327,0.78728510517837769
1.1533898305084747,0.22748630286539989,0.2274863028654,0.79653333164702989
1.1796610169491526,0.21638736824166016,0.21638736824166049,0.8054232460505093
1.2059322033898305,0.20583795816775663,0.20583795816775657,0.81396496197095258
1.2322033898305085,0.19580974719139874,0.19580974719139893,0.82216863969231357
1.2584745762711864,0.18627602503129467,0.18627602503129501,0.83004445031318175
1.2847457627118646,0.17721158346313926,0.17721158346313887,0.83760254292619307
1.3110169491525425,0.16859261377405085,0.1685926137740508,0.84485301476932495
1.3372881355932205,0.16039661351043372,0.16039661351043413,0.85180588423989445
1.3635593220338984,0.15260230142498482,0.15260230142498468,0.85847106665061546
1.3898305084745763,0.14518953968100265,0.14518953968100315,0.86485835259835198
1.4161016949152545,0.13813926250108879,0.13813926250108868,0.87097738880996178
1.4423728813559324,0.13143341055668656,0.1314334105566867,0.87683766132556729
1.4686440677966102,0.12505487048786695,0.12505487048786709,0.88244848087748307
1.4949152542372881,0.11898741902202629,0.11898741902202654,0.88781897032259816
1.521186440677966,0.11321567122786362,0.1132156712278635,0.89295805398702788
1.5474576271186442,0.10772503249898738,0.10772503249898729,0.89787444878409739
1.5737288135593221,0.10250165391126449,0.10250165391126451,0.90257665696999112
1.6000000000000001,0.097532390640829539,0.097532390640829636,0.90707296040550045
