N,delta3,maxImOmega
0.59999999999999998,0,0
0.59999999999999998,0.0066666666666666671,1.3613582680855502e-14
0.59999999999999998,0.013333333333333334,0.021908643250082373
0.59999999999999998,0.02,0.026783361249543169
0.59999999999999998,0.026666666666666668,0.030873537063421524
0.59999999999999998,0.033333333333333333,0.034461659771267208
0.59999999999999998,0.040000000000000001,0.037692921494562458
0.59999999999999998,0.046666666666666669,0.040653663357334405
0.59999999999999998,0.053333333333333337,0.043400102879214655
0.59999999999999998,0.059999999999999998,0.045971161546769064
0.59999999999999998,0.066666666666666666,0.048394980373138226
0.59999999999999998,0.073333333333333334,0.050692548122914981
0.59999999999999998,0.080000000000000002,0.052879876405902013
0.75,0,0
0.75,0.0066666666666666671,2.9614807094312182e-14
0.75,0.013333333333333334,0.03823791808755661
0.75,0.02,0.046728180565085077
0.75,0.026666666666666668,0.053846568248116775
0.75,0.033333333333333333,0.060087379454086341
0.75,0.040000000000000001,0.065704476551633639
0.75,0.046666666666666669,0.070848439770663907
0.75,0.053333333333333337,0.075616775177064818
0.75,0.059999999999999998,0.080076315921748201
0.75,0.066666666666666666,0.084274466587038133
0.75,0.073333333333333334,0.088245962330533514
0.75,0.080000000000000002,0.092013019267544877
0.89999999999999991,0,0
0.89999999999999991,0.0066666666666666671,0.04273581091695236
0.89999999999999991,0.013333333333333334,0.060265211630165412
0.89999999999999991,0.02,0.073620265135839177
0.89999999999999991,0.026666666666666668,0.084810014821676244
0.89999999999999991,0.033333333333333333,0.094614887817869239
0.89999999999999991,0.040000000000000001,0.10343478766707549
0.89999999999999991,0.046666666666666669,0.11150551983894613
0.89999999999999991,0.053333333333333337,0.11897794869863557
0.89999999999999991,0.059999999999999998,0.12595333277218981
0.89999999999999991,0.066666666666666666,0.1324975700125364
0.89999999999999991,0.073333333333333334,0.1386073221325996
0.89999999999999991,0.080000000000000002,0.1441178658131739
1.0499999999999998,0,0
1.0499999999999998,0.0066666666666666671,0.062803105944313833
1.0499999999999998,0.013333333333333334,0.088525336840775293
1.0499999999999998,0.02,0.10810681203775252
1.0499999999999998,0.026666666666666668,0.12450382132034567
1.0499999999999998,0.033333333333333333,0.13886342747676281
1.0499999999999998,0.040000000000000001,0.15177063579465885
1.0499999999999998,0.046666666666666669,0.16356646117413981
1.0499999999999998,0.053333333333333337,0.17446310097242038
1.0499999999999998,0.059999999999999998,0.18456740996732304
1.0499999999999998,0.066666666666666666,0.19384929015850783
1.0499999999999998,0.073333333333333334,0.20112370172888874
1.0499999999999998,0.080000000000000002,0.20488006880337176
1.2,0,0
1.2,0.0066666666666666671,0.087658843760264976
1.2,0.013333333333333334,0.12350805674625506
1.2,0.02,0.15077948865479629
1.2,0.026666666666666668,0.17360303565768853
1.2,0.033333333333333333,0.19357718172154878
1.2,0.040000000000000001,0.21151019392740009
1.2,0.046666666666666669,0.22786253212159421
1.2,0.053333333333333337,0.24285510736994345
1.2,0.059999999999999998,0.25621763363886918
1.2,0.066666666666666666,0.26624986005398055
1.2,0.073333333333333334,0.26921857615533318
1.2,0.080000000000000002,0.26284387821905741
1.3500000000000001,0,0
1.3500000000000001,0.0066666666666666671,0.1176318833007865
1.3500000000000001,0.013333333333333334,0.16566753586250699
1.3500000000000001,0.02,0.20218567139099838
1.3500000000000001,0.026666666666666668,0.23272982776714873
1.3500000000000001,0.033333333333333333,0.2594361639979415
1.3500000000000001,0.040000000000000001,0.28336897534805611
1.3500000000000001,0.046666666666666669,0.30506988286485548
1.3500000000000001,0.053333333333333337,0.32423044273106294
1.3500000000000001,0.059999999999999998,0.33876205031973838
1.3500000000000001,0.066666666666666666,0.33835717802806731
1.3500000000000001,0.073333333333333334,0.32542561093232336
1.3500000000000001,0.080000000000000002,0.28331907821967889
1.5,0,0
1.5,0.0066666666666666671,0.15303141373857562
1.5,0.013333333333333334,0.21542879099440043
1.5,0.02,0.26283584427544915
1.5,0.026666666666666668,0.30246053819838659
1.5,0.033333333333333333,0.33706000819703358
1.5,0.040000000000000001,0.36797023396541967
1.5,0.046666666666666669,0.39545292991564374
1.5,0.053333333333333337,0.4165813346465661
1.5,0.059999999999999998,0.4202867113907196
1.5,0.066666666666666666,0.39847673374166082
1.5,0.073333333333333334,0.3219759808684885
1.5,0.080000000000000002,0.2758659299312568
1.6499999999999999,0,0
1.6499999999999999,0.0066666666666666671,0.19415040976013087
1.6499999999999999,0.013333333333333334,0.27319223245499452
1.6499999999999999,0.02,0.3332084164436665
1.6499999999999999,0.026666666666666668,0.38332892389522238
1.6499999999999999,0.033333333333333333,0.42700511228162502
1.6499999999999999,0.040000000000000001,0.46575867132043069
1.6499999999999999,0.046666666666666669,0.49783148241058206
1.6499999999999999,0.053333333333333337,0.51013443694417604
1.6499999999999999,0.059999999999999998,0.4828036363898241
1.6499999999999999,0.066666666666666666,0.40119490654697049
1.6499999999999999,0.073333333333333334,0.32883033368792453
1.6499999999999999,0.080000000000000002,0.23529080885804851
1.7999999999999998,0,0
1.7999999999999998,0.0066666666666666671,0.24126823076184159
1.7999999999999998,0.013333333333333334,0.33933690066540007
1.7999999999999998,0.02,0.41375262675339952
1.7999999999999998,0.026666666666666668,0.47582592874384683
1.7999999999999998,0.033333333333333333,0.52975331426663108
1.7999999999999998,0.040000000000000001,0.57655834256690086
1.7999999999999998,0.046666666666666669,0.60617650782987842
1.7999999999999998,0.053333333333333337,0.58928490087079477
1.7999999999999998,0.059999999999999998,0.51641439215077978
1.7999999999999998,0.066666666666666666,0.40728069786452431
1.7999999999999998,0.073333333333333334,0.30649118372463097
1.7999999999999998,0.080000000000000002,0.2316907685158506
1.9499999999999997,0,0
1.9499999999999997,0.0066666666666666671,0.2946526217889246
1.9499999999999997,0.013333333333333334,0.41422275174046896
1.9499999999999997,0.02,0.50488987206686764
1.9499999999999997,0.026666666666666668,0.58039563457227306
1.9499999999999997,0.033333333333333333,0.64565821101119947
1.9499999999999997,0.040000000000000001,0.69871067857287072
1.9499999999999997,0.046666666666666669,0.71031255792692394
1.9499999999999997,0.053333333333333337,0.64171697720571885
1.9499999999999997,0.059999999999999998,0.47165010154905102
1.9499999999999997,0.066666666666666666,0.30996704776896544
1.9499999999999997,0.073333333333333334,0.29337493140008358
1.9499999999999997,0.080000000000000002,0.27676897097552344
2.1000000000000001,0,0
2.1000000000000001,0.0066666666666666671,0.35456127838256052
2.1000000000000001,0.013333333333333334,0.49819220954701643
2.1000000000000001,0.02,0.60701360391502013
2.1000000000000001,0.026666666666666668,0.69742636057893359
2.1000000000000001,0.033333333333333333,0.77476444283810875
2.1000000000000001,0.040000000000000001,0.82679424000204282
2.1000000000000001,0.046666666666666669,0.79403879138983069
2.1000000000000001,0.053333333333333337,0.63485115635602152
2.1000000000000001,0.059999999999999998,0.43373646991373715
2.1000000000000001,0.066666666666666666,0.31689605199918575
2.1000000000000001,0.073333333333333334,0.26778236048720688
2.1000000000000001,0.080000000000000002,0.2845992909150537
2.2499999999999996,0,0
2.2499999999999996,0.0066666666666666671,0.42124308267736016
2.2499999999999996,0.013333333333333334,0.59157112477884799
2.2499999999999996,0.02,0.72048782184439897
2.2499999999999996,0.026666666666666668,0.82723503255915642
2.2499999999999996,0.033333333333333333,0.91681383471899813
2.2499999999999996,0.040000000000000001,0.95101783180542665
2.2499999999999996,0.046666666666666669,0.84162515539138139
2.2499999999999996,0.053333333333333337,0.5919122124640176
2.2499999999999996,0.059999999999999998,0.36458739935151852
2.2499999999999996,0.066666666666666666,0.29075266482675666
2.2499999999999996,0.073333333333333334,0.31694282514453875
2.2499999999999996,0.080000000000000002,0.22734287384505791
2.3999999999999999,0,0
2.3999999999999999,0.0066666666666666671,0.49493908516506857
2.3999999999999999,0.013333333333333334,0.69466923748645404
2.3999999999999999,0.02,0.84564412469996775
2.3999999999999999,0.026666666666666668,0.97004187082305138
2.3999999999999999,0.033333333333333333,1.0692790276309052
2.3999999999999999,0.040000000000000001,1.0575760409356871
2.3999999999999999,0.046666666666666669,0.83971848703061902
2.3999999999999999,0.053333333333333337,0.49672776042120936
2.3999999999999999,0.059999999999999998,0.42524383057078952
2.3999999999999999,0.066666666666666666,0.38251063314067757
2.3999999999999999,0.073333333333333334,0.32193095738155397
2.3999999999999999,0.080000000000000002,0.27492224356721057
