omega,ln_ratio,ratio,alpha2,beta2
0.050000000000000003,-0.18884438746000323,0.82791533067866918,5.8110928994651854,4.8110928994651854
0.076271186440677971,-0.28806770968475065,0.7497108278366329,3.995378590917575,2.995378590917575
0.10254237288135594,-0.38729103190949832,0.67889348650512993,3.1142314402662397,2.1142314402662397
0.12881355932203392,-0.48651435413424571,0.61476551879216501,2.5958216327486463,1.5958216327486463
0.15508474576271186,-0.58573767635899321,0.55669504953034188,2.2557835163820141,1.2557835163820141
0.18135593220338986,-0.68496099858374071,0.50410989019109487,2.0165758102845754,1.0165758102845754
0.2076271186440678,-0.7841843208084881,0.45649190091212932,1.8398989852740479,0.83989898527404794
0.23389830508474574,-0.8834076430332356,0.41337188508516676,1.7046574730656749,0.70465747306567494
0.26016949152542374,-0.98263096525798299,0.37432496619859307,1.5982737778816438,0.59827377788164393
0.28644067796610173,-1.0818542874827306,0.33896640138143197,1.5127824093810147,0.51278240938101471
0.31271186440677967,-1.181077609707478,0.30694779039803716,1.4428927375822449,0.44289273758224496
0.33898305084745761,-1.2803009319322254,0.27795364273940809,1.3849526279641522,0.38495262796415231
0.36525423728813561,-1.379524254156973,0.25169826898548847,1.3363593301384564,0.33635933013845637
0.3915254237288136,-1.4787475763817206,0.22792296580795735,1.2952075449912488,0.29520754499124879
0.41779661016949149,-1.5779708986064678,0.20639346687636698,1.2600702719318639,0.26007027193186388
0.44406779661016949,-1.6771942208312154,0.18689763455051867,1.2298574478346302,0.2298574478346303
0.47033898305084748,-1.776417543055963,0.1692433696145203,1.2037219607094676,0.20372196070946749
0.49661016949152542,-1.8756408652807104,0.1532567184564062,1.1809954939081686,0.18099549390816858
0.52288135593220342,-1.974864187505458,0.13878015904270335,1.1611437085430372,0.16114370854303708
0.54915254237288136,-2.0740875097302052,0.12567104879905494,1.1437342874514653,0.14373428745146544
0.57542372881355941,-2.1733108319549528,0.11380021910332866,1.1284137296763759,0.12841372967637585
0.60169491525423735,-2.2725341541797004,0.10305070254226284,1.1148902204777282,0.11489022047772821
0.62796610169491529,-2.371757476404448,0.093316580390866044,1.102920797240446,0.10292079724044614
0.65423728813559323,-2.4709807986291952,0.084501938958384842,1.0923016034160051,0.092301603416005157
0.68050847457627128,-2.5702041208539428,0.076519924517353233,1.0828603957452585,0.082860395745258428
0.70677966101694922,-2.6694274430786904,0.069291887503611357,1.074450718300664,0.074450718300664021
0.73305084745762727,-2.768650765303438,0.062746607554798037,1.0669473250890009,0.066947325089001058
0.7593220338983051,-2.8678740875281852,0.056819591751352476,1.0602425487790383,0.060242548779038375
0.78559322033898304,-2.9670974097529323,0.051452439145349332,1.0542433940781948,0.054243394078194854
0.8118644067796611,-3.0663207319776804,0.046592265315648959,1.0488691916591955,0.048869191659195496
0.83813559322033904,-3.1655440542024276,0.042191181279304699,1.0440496897237359,0.044049689723735963
0.86440677966101709,-3.2647673764271756,0.038205821624759433,1.0397234902058781,0.039723490205878086
0.89067796610169503,-3.3639906986519228,0.034596917217364812,1.0358367585875572,0.035836758587557214
0.91694915254237286,-3.4632140208766695,0.031328908266940875,1.0323421525988661,0.03234215259886615
0.94322033898305091,-3.5624373431014171,0.028369593944796993,1.0291979272859284,0.029197927285928491
0.96949152542372885,-3.6616606653261647,0.025689815097768499,1.0263671831577399,0.026367183157739834
0.9957627118644069,-3.7608839875509124,0.023263166932939935,1.0238172311572311,0.023817231157231021
1.0220338983050847,-3.8601073097756595,0.021065738842037773,1.0215190536054173,0.021519053605417306
1.0483050847457627,-3.9593306320004067,0.019075878801891787,1.0194468444496934,0.019446844449693378
1.0745762711864408,-4.0585539542251556,0.017273980029520929,1.0175776154070286,0.017577615407028541
1.1008474576271188,-4.1577772764499024,0.015642287789682151,1.0158908571504544,0.015890857150454286
1.1271186440677967,-4.25700059867465,0.014164724451289357,1.0143682467067385,0.014368246706738454
1.1533898305084747,-4.3562239208993976,0.012826731068923233,1.0129933938373474,0.012993393837347492
1.1796610169491526,-4.4554472431241452,0.011615123928478854,1.011751620456441,0.011751620456440863
1.2059322033898305,-4.5546705653488919,0.010517964643445789,1.0106297681692176,0.010629768169217645
1.2322033898305085,-4.6538938875736395,0.0095244425218340024,1.0096160298453847,0.0096160298453846094
1.2584745762711864,-4.7531172097983863,0.0086247680446661593,1.0086998018173756,0.0086998018173755891
1.2847457627118646,-4.8523405320231348,0.0078100764064426001,1.0078715538433969,0.0078715538433969563
1.3110169491525425,-4.9515638542478824,0.0070723401671299599,1.0071227144264674,0.0071227144264672613
1.3372881355932205,-5.05078717647263,0.0064042901550027797,1.0064455694519876,0.0064455694519875307
1.3635593220338984,-5.1500104986973776,0.005799343840966557,1.0058331724134759,0.0058331724134759446
1.3898305084745763,-5.2492338209221243,0.0052515404786094011,1.0052792647511475,0.005279264751147348
1.4161016949152545,-5.3484571431468728,0.0047554823708946641,1.0047782050407303,0.0047782050407303772
1.4423728813559324,-5.4476804653716204,0.0043062816847749524,1.0043249059480475,0.0043249059480474032
1.4686440677966102,-5.5469037875963672,0.0038995122896732489,1.0039147780146527,0.0039147780146527294
1.4949152542372881,-5.6461271098211139,0.0035311661452790875,1.00354367946624,0.0035436794662399951
1.521186440677966,-5.7453504320458615,0.0031976138089335224,1.003207871342636,0.0032078713426360174
1.5474576271186442,-5.84457375427061,0.0028955686734684141,1.0029039773392805,0.0029039773392804968
1.5737288135593221,-5.9437970764953576,0.002622054583123032,1.0026289478278239,0.0026289478278237687
1.6000000000000001,-6.0430203987201043,0.0023743765084463298,1.0023800275900456,0.0023800275900455882
