xi,S_hor,S_rad,S_tot,eta_GSL,P_norm
0.000000000000000000e+00,8.521076869466934767e-01,1.556453191630049471e+00,2.408560878576742947e+00,nan,2.582651737484662980e+07
6.030150753768843963e-02,9.952115530126359744e-01,1.657579700959338265e+00,2.652791253971974239e+00,1.000000000000000000e+00,2.582651737484673411e+07
1.206030150753768793e-01,1.299890638107536578e+00,1.793427814928912678e+00,3.093318453036449256e+00,1.000000000000000000e+00,2.582651737484686077e+07
1.809045226130653328e-01,1.627578833569232275e+00,2.077856446006393298e+00,3.705435279575625351e+00,1.000000000000000000e+00,2.582651737484700978e+07
2.412060301507537585e-01,1.790693143161191436e+00,2.589293396319039875e+00,4.379986539480231755e+00,1.000000000000000000e+00,2.582651737484717369e+07
3.015075376884421843e-01,1.384826501693031897e+00,2.895738976827493261e+00,4.280565478520525602e+00,9.519901401151242837e-01,2.582651737484737858e+07
3.618090452261306655e-01,1.177099609532930247e+00,2.492163884954574637e+00,3.669263494487505106e+00,7.350172854210762496e-01,2.582651737484757230e+07
4.221105527638190913e-01,1.516832217135472227e+00,2.829741731660077697e+00,4.346573948795549924e+00,7.884412308350509102e-01,2.582651737484775856e+07
4.824120603015075170e-01,1.626417440477117227e+00,2.684822006110487713e+00,4.311239446587604718e+00,7.802347885053629861e-01,2.582651737484796718e+07
5.427135678391959983e-01,1.506541231399702196e+00,2.700247368730867237e+00,4.206788600130569655e+00,7.569451372997814120e-01,2.582651737484816462e+07
6.030150753768843686e-01,1.553166263565669780e+00,2.673006192089280919e+00,4.226172455654950255e+00,7.582841080165400038e-01,2.582651737484835088e+07
6.633165829145728498e-01,1.588791691562202457e+00,2.532841968861503368e+00,4.121633660423706047e+00,7.364054301629752164e-01,2.582651737484855205e+07
7.236180904522613311e-01,1.470680816380996569e+00,2.552730153037876093e+00,4.023410969418872440e+00,7.169686804741620678e-01,2.582651737484874576e+07
7.839195979899497013e-01,1.311431394173765419e+00,2.644827684337797358e+00,3.956259078511562777e+00,7.042604127817949644e-01,2.582651737484895438e+07
8.442211055276381826e-01,1.522409395191376191e+00,2.652612528303638584e+00,4.175021923495014775e+00,7.204051385138269259e-01,2.582651737484914064e+07
9.045226130653265528e-01,1.526208516331159393e+00,2.653277909444562876e+00,4.179486425775722047e+00,7.207162860074012301e-01,2.582651737484933436e+07
9.648241206030150341e-01,1.569474097271230439e+00,2.602746146663613480e+00,4.172220243934844142e+00,7.194132729116800018e-01,2.582651737484953925e+07
1.025125628140703515e+00,1.549179038600617009e+00,2.587060178498614249e+00,4.136239217099230814e+00,7.130297650834542811e-01,2.582651737484969199e+07
1.085427135678391997e+00,1.478850943919559846e+00,2.588918776128528165e+00,4.067769720048088011e+00,7.011900760847590286e-01,2.582651737484983355e+07
1.145728643216080256e+00,1.560647056495547691e+00,2.614896064616549332e+00,4.175543121112097467e+00,7.088009929025154143e-01,2.582651737485000119e+07
1.206030150753768737e+00,1.589417102823830419e+00,2.644140821265892338e+00,4.233557924089723201e+00,7.127396205186740108e-01,2.582651737485019490e+07
1.266331658291457218e+00,1.523798618985876763e+00,2.596033017779507013e+00,4.119831636765383998e+00,6.943300757520707300e-01,2.582651737485039234e+07
1.326633165829145700e+00,1.515820341555303541e+00,2.555938311596049672e+00,4.071758653151353435e+00,6.868310937463124599e-01,2.582651737485057116e+07
1.386934673366834181e+00,1.559024523882620583e+00,2.585045492682866541e+00,4.144070016565486902e+00,6.918374490372805052e-01,2.582651737485077977e+07
1.447236180904522662e+00,1.513373397565972667e+00,2.717341335842504257e+00,4.230714733408476924e+00,6.976293117227391205e-01,2.582651737485098094e+07
1.507537688442210921e+00,1.477181763612382515e+00,2.739533910337445644e+00,4.216715673949828158e+00,6.955172671264255868e-01,2.582651737485116720e+07
1.567839195979899403e+00,1.574178995191745534e+00,2.700809479131986102e+00,4.274988474323731857e+00,6.993066562997812818e-01,2.582651737485136092e+07
1.628140703517587884e+00,1.503822891849812882e+00,2.662403328669361358e+00,4.166226220519174461e+00,6.834316488780114440e-01,2.582651737485155836e+07
1.688442211055276365e+00,1.501852108804729857e+00,2.688839041609157210e+00,4.190691150413886845e+00,6.850399505812810874e-01,2.582651737485174090e+07
1.748743718592964846e+00,1.496602450623502056e+00,2.756524092135671289e+00,4.253126542759173567e+00,6.890712749458502984e-01,2.582651737485191971e+07
1.809045226130653106e+00,1.470267340521756116e+00,2.803474720350255467e+00,4.273742060872011805e+00,6.903798087810054662e-01,2.582651737485210970e+07
1.869346733668341587e+00,1.552975396666767427e+00,2.780594730668301651e+00,4.333570127335068634e+00,6.941156812084733341e-01,2.582651737485226989e+07
1.929648241206030068e+00,1.451925459023691856e+00,2.711376494673741977e+00,4.163301953697433611e+00,6.710715622498896193e-01,2.582651737485246733e+07
1.989949748743718549e+00,1.488793807880604447e+00,2.669052878138880480e+00,4.157846686019484927e+00,6.703585155556160968e-01,2.582651737485264987e+07
2.050251256281407031e+00,1.474078459130981233e+00,2.746578121927957916e+00,4.220656581058939594e+00,6.743425415831617586e-01,2.582651737485280633e+07
2.110552763819095290e+00,1.481186219152014649e+00,2.776548688980003732e+00,4.257734908132018603e+00,6.766495323830314934e-01,2.582651737485296279e+07
2.170854271356783993e+00,1.477546122778564230e+00,2.768913661495930434e+00,4.246459784274494886e+00,6.751950272482072357e-01,2.582651737485311180e+07
2.231155778894472252e+00,1.473107529014958672e+00,2.703632414413360330e+00,4.176739943428319002e+00,6.663381380933561804e-01,2.582651737485329434e+07
2.291457286432160512e+00,1.577196435422827392e+00,2.692539814456822445e+00,4.269736249879649392e+00,6.720757974194560003e-01,2.582651737485346571e+07
2.351758793969849215e+00,1.334012845544236159e+00,2.796967640298970270e+00,4.130980485843206651e+00,6.552634080733039657e-01,2.582651737485364079e+07
2.412060301507537474e+00,1.519935718162607419e+00,2.858932906029846066e+00,4.378868624192453041e+00,6.700108129982729199e-01,2.582651737485380843e+07
2.472361809045226178e+00,1.492743462022163126e+00,2.755357045629815982e+00,4.248100507651979107e+00,6.552243476139104628e-01,2.582651737485401332e+07
2.532663316582914437e+00,1.512594085855249348e+00,2.753852316926949317e+00,4.266446402782198888e+00,6.562885240301542522e-01,2.582651737485421449e+07
2.592964824120602696e+00,1.473532600470972787e+00,2.702753218343344699e+00,4.176285818814317707e+00,6.464820847247615410e-01,2.582651737485440075e+07
2.653266331658291399e+00,1.477047870878844371e+00,2.801523675681357517e+00,4.278571546560201888e+00,6.523749421297591056e-01,2.582651737485459074e+07
2.713567839195979658e+00,1.528911399779963043e+00,2.795845014840338649e+00,4.324756414620301470e+00,6.549718331419562833e-01,2.582651737485476211e+07
2.773869346733668362e+00,1.419035724237151186e+00,2.772192412236130110e+00,4.191228136473281296e+00,6.411247364698741125e-01,2.582651737485492602e+07
2.834170854271356621e+00,1.481756508882127843e+00,2.726001598840388063e+00,4.207758107722515462e+00,6.420615288051629843e-01,2.582651737485507876e+07
2.894472361809045324e+00,1.655317648758969806e+00,2.730681720693510783e+00,4.385999369452481034e+00,6.518606925526735374e-01,2.582651737485526130e+07
2.954773869346733584e+00,1.407413168806160408e+00,2.753829771757353662e+00,4.161242940563513848e+00,6.301086544164297143e-01,2.582651737485544384e+07
3.015075376884421843e+00,1.557004083741490241e+00,2.799769601934183783e+00,4.356773685675674024e+00,6.405436963481923041e-01,2.582651737485563383e+07
3.075376884422110546e+00,1.459315725437411171e+00,2.763179353943205019e+00,4.222495079380616190e+00,6.283698686729471961e-01,2.582651737485580519e+07
3.135678391959798805e+00,1.509786699835055090e+00,2.728349524091928657e+00,4.238136223926983526e+00,6.291907693793890033e-01,2.582651737485598028e+07
3.195979899497487509e+00,1.594642297074409854e+00,2.696947661314161415e+00,4.291589958388571269e+00,6.319690339114223399e-01,2.582651737485615909e+07
3.256281407035175768e+00,1.466402239083570036e+00,2.802221893181938484e+00,4.268624132265508742e+00,6.299412246186197883e-01,2.582651737485633790e+07
3.316582914572864027e+00,1.581659712681119601e+00,2.811395192492492257e+00,4.393054905173611857e+00,6.362647952489977055e-01,2.582651737485651672e+07
3.376884422110552730e+00,1.424674331791605519e+00,2.793309529151448256e+00,4.217983860943053998e+00,6.213265998289295711e-01,2.582651737485671043e+07
3.437185929648240990e+00,1.492999210769606178e+00,2.768713862613966903e+00,4.261713073383573303e+00,6.235343146468569353e-01,2.582651737485688925e+07
3.497487437185929693e+00,1.447825796594378600e+00,2.682999239496354882e+00,4.130825036090733704e+00,6.128399850170431762e-01,2.582651737485704944e+07
3.557788944723617952e+00,1.496998581772249315e+00,2.647037179281712671e+00,4.144035761053961764e+00,6.135090360532995390e-01,2.582651737485719845e+07
3.618090452261306211e+00,1.671462552338203622e+00,2.761700706438468433e+00,4.433163258776671611e+00,6.275937633187977926e-01,2.582651737485735118e+07
3.678391959798994915e+00,1.312877165879937413e+00,2.918599908305039126e+00,4.231477074184976317e+00,6.120351036237909881e-01,2.582651737485754862e+07
3.738693467336683174e+00,1.376089140789908072e+00,2.686443037676592205e+00,4.062532178466500277e+00,5.995838686922067007e-01,2.582651737485774606e+07
3.798994974874371877e+00,1.354961663685838147e+00,2.892682088738810720e+00,4.247643752424648866e+00,6.083148232915180920e-01,2.582651737485796213e+07
3.859296482412060136e+00,1.665370553239461149e+00,2.711734443239534720e+00,4.377104996478996313e+00,6.141981194036101321e-01,2.582651737485817075e+07
3.919597989949748396e+00,1.355333043746180799e+00,2.701672384514197223e+00,4.057005428260378466e+00,5.922043104734298069e-01,2.582651737485835701e+07
3.979899497487437099e+00,1.424222589498143510e+00,2.779799940103503175e+00,4.204022529601646241e+00,5.988026220429500945e-01,2.582651737485856935e+07
4.040201005025125802e+00,1.594794298266186683e+00,2.713080934304644032e+00,4.307875232570831159e+00,6.033364231108019338e-01,2.582651737485877052e+07
4.100502512562814061e+00,1.563382538673591560e+00,2.692894912407720831e+00,4.256277451081312613e+00,5.999678530835113044e-01,2.582651737485894561e+07
4.160804020100502321e+00,1.465538724798232773e+00,2.730824146898913618e+00,4.196362871697146169e+00,5.961032136160121508e-01,2.582651737485912815e+07
4.221105527638190580e+00,1.429757107540289507e+00,2.662891046139964857e+00,4.092648153680254808e+00,5.895297448719744038e-01,2.582651737485933304e+07
4.281407035175878839e+00,1.559120210496098613e+00,2.771167387652511138e+00,4.330287598148609973e+00,5.996454473659588169e-01,2.582651737485953420e+07
4.341708542713567986e+00,1.538521933969443367e+00,2.727402454389950659e+00,4.265924388359394470e+00,5.956695158276636981e-01,2.582651737485970184e+07
4.402010050251256246e+00,1.437037938762016465e+00,2.696949344805823490e+00,4.133987283567839732e+00,5.876819225248819389e-01,2.582651737485987693e+07
4.462311557788944505e+00,1.412779339356821318e+00,2.668925446989098393e+00,4.081704786345920155e+00,5.845756421149090887e-01,2.582651737486007065e+07
4.522613065326632764e+00,1.603319230718853516e+00,2.705059296808106417e+00,4.308378527526960156e+00,5.938823289951268292e-01,2.582651737486024573e+07
4.582914572864321023e+00,1.553044855589344575e+00,2.659963572703287760e+00,4.213008428292631891e+00,5.883368354089383301e-01,2.582651737486038730e+07
4.643216080402010171e+00,1.452391815525980290e+00,2.696293758294249443e+00,4.148685573820229955e+00,5.846547626116804786e-01,2.582651737486054376e+07
4.703517587939698430e+00,1.509345754901683101e+00,2.703168419897779451e+00,4.212514174799462552e+00,5.872182831425519778e-01,2.582651737486072257e+07
4.763819095477386689e+00,1.535584236609027320e+00,2.715891477265895304e+00,4.251475713874922846e+00,5.887675837291899139e-01,2.582651737486091256e+07
4.824120603015074948e+00,1.531184745681609893e+00,2.701985648752730729e+00,4.233170394434340622e+00,5.877311652198397018e-01,2.582651737486110628e+07
4.884422110552763208e+00,1.547153081057462520e+00,2.720191204259256423e+00,4.267344285316719166e+00,5.890815701228987455e-01,2.582651737486129627e+07
4.944723618090452355e+00,1.578218546236079600e+00,2.726381012792777891e+00,4.304599559028857492e+00,5.905436947549936866e-01,2.582651737486148253e+07
5.005025125628140614e+00,1.406464385486741797e+00,2.790282358794614836e+00,4.196746744281356634e+00,5.845226227172602984e-01,2.582651737486164644e+07
5.065326633165828873e+00,1.531681875215372468e+00,2.746997666519860992e+00,4.278679541735233016e+00,5.877159586682274561e-01,2.582651737486182153e+07
5.125628140703517133e+00,1.479604152119579297e+00,2.752925989388915973e+00,4.232530141508495269e+00,5.851825986631931098e-01,2.582651737486198917e+07
5.185929648241205392e+00,1.578218804322371049e+00,2.671070354232067512e+00,4.249289158554438117e+00,5.858309189064784261e-01,2.582651737486217171e+07
5.246231155778894539e+00,1.496372621080929166e+00,2.677614815000040061e+00,4.173987436080969005e+00,5.817456361789601349e-01,2.582651737486234307e+07
5.306532663316582799e+00,1.522221408985859670e+00,2.709229453358004580e+00,4.231450862343864472e+00,5.839596072063163446e-01,2.582651737486250699e+07
5.366834170854271058e+00,1.512780012802639851e+00,2.744941591837225303e+00,4.257721604639865376e+00,5.849639872189394962e-01,2.582651737486268580e+07
5.427135678391959317e+00,1.602023121238894898e+00,2.738514141533384905e+00,4.340537262772279803e+00,5.880986862831506512e-01,2.582651737486289069e+07
5.487437185929647576e+00,1.683243763988196529e+00,2.787530271222155243e+00,4.470774035210351549e+00,5.929336854617017760e-01,2.582651737486305460e+07
5.547738693467336724e+00,1.229811311406043828e+00,2.854057531459589292e+00,4.083868842865633120e+00,5.729537657404085715e-01,2.582651737486319616e+07
5.608040201005024983e+00,1.657058695051889963e+00,2.662012685786872446e+00,4.319071380838762408e+00,5.815259905224686721e-01,2.582651737486333400e+07
5.668341708542713242e+00,1.581085034184326998e+00,2.623594920413840015e+00,4.204679954598167235e+00,5.759036139644185814e-01,2.582651737486351281e+07
5.728643216080401501e+00,1.525277948406797757e+00,2.712053708553507914e+00,4.237331656960305892e+00,5.770707751860144619e-01,2.582651737486371025e+07
5.788944723618090649e+00,1.487638349211372502e+00,2.746566365239176299e+00,4.234204714450548579e+00,5.769187221910452301e-01,2.582651737486389279e+07
5.849246231155778908e+00,1.525040870383708613e+00,2.781984133848811158e+00,4.307025004232519549e+00,5.794989939170956950e-01,2.582651737486406416e+07
5.909547738693467167e+00,1.544255647132313003e+00,2.749361239364845222e+00,4.293616886497158447e+00,5.788489805003995681e-01,2.582651737486423552e+07
5.969849246231155426e+00,1.488812662253301777e+00,2.808369349987355879e+00,4.297182012240657656e+00,5.789745502477401384e-01,2.582651737486442551e+07
6.030150753768843686e+00,1.528873922401736474e+00,2.762909115242650593e+00,4.291783037644386845e+00,5.787132456697529070e-01,2.582651737486460432e+07
6.090452261306532833e+00,1.557387743372175226e+00,2.779208182313790410e+00,4.336595925685966080e+00,5.802855373943263118e-01,2.582651737486478686e+07
6.150753768844221092e+00,1.496566238558665107e+00,2.719030759906657213e+00,4.215596998465322542e+00,5.744963028050696918e-01,2.582651737486495078e+07
6.211055276381909351e+00,1.504072603942076425e+00,2.718853269805434181e+00,4.222925873747510828e+00,5.747532691200435417e-01,2.582651737486512586e+07
6.271356783919597611e+00,1.490885598966021908e+00,2.723379984068589721e+00,4.214265583034611851e+00,5.743434052495401954e-01,2.582651737486530840e+07
6.331658291457285870e+00,1.531059918008350396e+00,2.708986870468624630e+00,4.240046788476974804e+00,5.752451161436347160e-01,2.582651737486549094e+07
6.391959798994975017e+00,1.454077393904717574e+00,2.724472840180695687e+00,4.178550234085413706e+00,5.723529751677121080e-01,2.582651737486565113e+07
6.452261306532663276e+00,1.427964960681124884e+00,2.770488030515024569e+00,4.198452991196149675e+00,5.730476928340455522e-01,2.582651737486581504e+07
6.512562814070351536e+00,1.511974495500025606e+00,2.754401406797340357e+00,4.266375902297365741e+00,5.754016806291843977e-01,2.582651737486597151e+07
6.572864321608039795e+00,1.585196141313511164e+00,2.713049208916922694e+00,4.298245350230433637e+00,5.764972486013077990e-01,2.582651737486613542e+07
6.633165829145728054e+00,1.320536090109965643e+00,2.786618136909338794e+00,4.107154227019304216e+00,5.677139709513489008e-01,2.582651737486630678e+07
6.693467336683417201e+00,1.303192313313380701e+00,2.733294942725144949e+00,4.036487256038525651e+00,5.645332551527278975e-01,2.582651737486649305e+07
6.753768844221105461e+00,1.404275801848889449e+00,2.874065145462355808e+00,4.278340947311245479e+00,5.727261585304774805e-01,2.582651737486669421e+07
6.814070351758793720e+00,1.534607200611139977e+00,2.881942580172024648e+00,4.416549780783164181e+00,5.772710954876717482e-01,2.582651737486691773e+07
6.874371859296481979e+00,1.395952980230825702e+00,2.770916079709634161e+00,4.166869059940459863e+00,5.663872040941898556e-01,2.582651737486710772e+07
6.934673366834170238e+00,1.266323272434993541e+00,2.859381679589591663e+00,4.125704952024585204e+00,5.646320968942838414e-01,2.582651737486729771e+07
6.994974874371859386e+00,1.612382403793650498e+00,2.752157395598505030e+00,4.364539799392155750e+00,5.723213954556159999e-01,2.582651737486748397e+07
7.055276381909547645e+00,1.559468807692630632e+00,2.759863677492258915e+00,4.319332485184889769e+00,5.704144781104113493e-01,2.582651737486768514e+07
7.115577889447235904e+00,1.485864747170475342e+00,2.787356053173603243e+00,4.273220800344078363e+00,5.684824597849801320e-01,2.582651737486785650e+07
7.175879396984924163e+00,1.387193860755462360e+00,2.790545114921700431e+00,4.177738975677162792e+00,5.645232161487589995e-01,2.582651737486804649e+07
7.236180904522612423e+00,1.457178785983404445e+00,2.792070999358915451e+00,4.249249785342319896e+00,5.667829209755050890e-01,2.582651737486822158e+07
7.296482412060301570e+00,1.500409716181648756e+00,2.742812530471573140e+00,4.243222246653221674e+00,5.665351320659964829e-01,2.582651737486843765e+07
7.356783919597989829e+00,1.486689160762924011e+00,2.772269815543355165e+00,4.258958976306279176e+00,5.670293267478960786e-01,2.582651737486862391e+07
7.417085427135678088e+00,1.446015174480320464e+00,2.776418981745882419e+00,4.222434156226203328e+00,5.655328306564548768e-01,2.582651737486880273e+07
7.477386934673366348e+00,1.437092668381835692e+00,2.793758462176262114e+00,4.230851130558098028e+00,5.657969078495072024e-01,2.582651737486897036e+07
7.537688442211054607e+00,1.527354939416671664e+00,2.808709420370305132e+00,4.336064359786976574e+00,5.690710232028705073e-01,2.582651737486913055e+07
7.597989949748743754e+00,1.561247619000034392e+00,2.797736517367621190e+00,4.358984136367655360e+00,5.697777214109852606e-01,2.582651737486927956e+07
7.658291457286432014e+00,1.462181647419449115e+00,2.779397678507465219e+00,4.241579325926914557e+00,5.650311914492798238e-01,2.582651737486944348e+07
7.718592964824120273e+00,1.474203404939033346e+00,2.816933200225220979e+00,4.291136605164254547e+00,5.665553354020406163e-01,2.582651737486962974e+07
7.778894472361808532e+00,1.508650495795506696e+00,2.821488777477125343e+00,4.330139273272632039e+00,5.677473796307719311e-01,2.582651737486983463e+07
7.839195979899496791e+00,1.608539337596769148e+00,2.785626976624338891e+00,4.394166314221108038e+00,5.696900949491930932e-01,2.582651737487004325e+07
7.899497487437185939e+00,1.414518408102613645e+00,2.826312106422530057e+00,4.240830514525143258e+00,5.636235586705794498e-01,2.582651737487022951e+07
7.959798994974874198e+00,1.655174146440792082e+00,2.862140082297109256e+00,4.517314228737901338e+00,5.718446504691582222e-01,2.582651737487042695e+07
8.020100502512562457e+00,1.466042750081151924e+00,2.837539096052891452e+00,4.303581846134043154e+00,5.636360757453183767e-01,2.582651737487062812e+07
8.080402010050251604e+00,1.392202613194960081e+00,2.853150482113604447e+00,4.245353095308564306e+00,5.614404388005641566e-01,2.582651737487084419e+07
8.140703517587938975e+00,1.623955934500785681e+00,2.838723004926352100e+00,4.462678939427137337e+00,5.677252968103814190e-01,2.582651737487103045e+07
8.201005025125628123e+00,1.505374198905184979e+00,2.812941830279230615e+00,4.318316029184416038e+00,5.623718350838524671e-01,2.582651737487120181e+07
8.261306532663315494e+00,1.483076828397766667e+00,2.843887398720419846e+00,4.326964227118186734e+00,5.626189087459052551e-01,2.582651737487138435e+07
8.321608040201004641e+00,1.555712140121864762e+00,2.822732294671034037e+00,4.378444434792898576e+00,5.640839125551050381e-01,2.582651737487158552e+07
8.381909547738693789e+00,1.402291166124089772e+00,2.809118551124606178e+00,4.211409717248695728e+00,5.580194192671658060e-01,2.582651737487177551e+07
8.442211055276381160e+00,1.552437010094360748e+00,2.829646117420138829e+00,4.382083127514500021e+00,5.628219294462698530e-01,2.582651737487195060e+07
8.502512562814070307e+00,1.494688367497519543e+00,2.865013723206387031e+00,4.359702090703907018e+00,5.620211146791018741e-01,2.582651737487215176e+07
8.562814070351757678e+00,1.433393820905750848e+00,2.830425324170635193e+00,4.263819145076386263e+00,5.586159699482716734e-01,2.582651737487235665e+07
8.623115577889446826e+00,1.465070240219106035e+00,2.809411699799513773e+00,4.274481940018620030e+00,5.589131616867388797e-01,2.582651737487252802e+07
8.683417085427135973e+00,1.478784928706292856e+00,2.794866064796152294e+00,4.273650993502444706e+00,5.588838363045931512e-01,2.582651737487269938e+07
8.743718592964823344e+00,1.439804675606680240e+00,2.830816846057420122e+00,4.270621521664100584e+00,5.587769476347197450e-01,2.582651737487287819e+07
8.804020100502512491e+00,1.427234803452485767e+00,2.818947086001255098e+00,4.246181889453740865e+00,5.579161386449121851e-01,2.582651737487304211e+07
8.864321608040199862e+00,1.415167866321095369e+00,2.867070634728271727e+00,4.282238501049366874e+00,5.589186222552704475e-01,2.582651737487324327e+07
8.924623115577889010e+00,1.610548327593820384e+00,2.831912247285874429e+00,4.442460574879694590e+00,5.633188434547321544e-01,2.582651737487345934e+07
8.984924623115578157e+00,1.579724575825854682e+00,2.788983634604679462e+00,4.368708210430534145e+00,5.607438631284810127e-01,2.582651737487365305e+07
9.045226130653265528e+00,1.461202780957295611e+00,2.800015531442426653e+00,4.261218312399722485e+00,5.570328529199513046e-01,2.582651737487385422e+07
9.105527638190954676e+00,1.573718904206443892e+00,2.789741526770983970e+00,4.363460430977427862e+00,5.598038498767589077e-01,2.582651737487403303e+07
9.165829145728642047e+00,1.510659628405385257e+00,2.823749170271045994e+00,4.334408798676431473e+00,5.588105740977539204e-01,2.582651737487423420e+07
9.226130653266331194e+00,1.469792448162733134e+00,2.861559416462821304e+00,4.331351864625554882e+00,5.587062623950581619e-01,2.582651737487439066e+07
9.286432160804020342e+00,1.567803924311644392e+00,2.807482207818238873e+00,4.375286132129883043e+00,5.598869906217370795e-01,2.582651737487456203e+07
9.346733668341707713e+00,1.514765767499615556e+00,2.798672743267395013e+00,4.313438510767010570e+00,5.577860709017083973e-01,2.582651737487474084e+07
9.407035175879396860e+00,1.561555739334374859e+00,2.753948060209999049e+00,4.315503799544373464e+00,5.578414753796672176e-01,2.582651737487491593e+07
9.467336683417084231e+00,1.428380329351398137e+00,2.790141348231376828e+00,4.218521677582774743e+00,5.545787048175251366e-01,2.582651737487509474e+07
9.527638190954773378e+00,1.502523858961781755e+00,2.717857877468707883e+00,4.220381736430489639e+00,5.546286660331982699e-01,2.582651737487526610e+07
9.587939698492462526e+00,1.586585190212653984e+00,2.722614620659673967e+00,4.309199810872327951e+00,5.570013456367349791e-01,2.582651737487544864e+07
9.648241206030149897e+00,1.412845571787309185e+00,2.842851699552433775e+00,4.255697271339743182e+00,5.552195633396862506e-01,2.582651737487562746e+07
9.708542713567839044e+00,1.421482354697497064e+00,2.778964048288108835e+00,4.200446402985606120e+00,5.533914817431316857e-01,2.582651737487579137e+07
9.768844221105526415e+00,1.469228325982706140e+00,2.837094314512353499e+00,4.306322640495059417e+00,5.561916599232781255e-01,2.582651737487592921e+07
9.829145728643215563e+00,1.489276157873318018e+00,2.902634797890036200e+00,4.391910955763353996e+00,5.584297340404970056e-01,2.582651737487610057e+07
9.889447236180904710e+00,1.516255342641759096e+00,2.744449776202457780e+00,4.260705118844216877e+00,5.541458102376303207e-01,2.582651737487629056e+07
9.949748743718592081e+00,1.444336484219003180e+00,2.754095550133115022e+00,4.198432034352117981e+00,5.521354861093820121e-01,2.582651737487648055e+07
1.001005025125628123e+01,1.442827804026903360e+00,2.782260425961222694e+00,4.225088229988125832e+00,5.528298907052155986e-01,2.582651737487668917e+07
1.007035175879396860e+01,1.549215728846904616e+00,2.743258570610245695e+00,4.292474299457150089e+00,5.545757600501526330e-01,2.582651737487687916e+07
1.013065326633165775e+01,1.610800359021802741e+00,2.795425237141985875e+00,4.406225596163788616e+00,5.574921539415359506e-01,2.582651737487706542e+07
1.019095477386934689e+01,1.516957684458343447e+00,2.921227533539434873e+00,4.438185217997778764e+00,5.583046858034356186e-01,2.582651737487725914e+07
1.025125628140703427e+01,1.577336342896777488e+00,2.852270160205565119e+00,4.429606503102342607e+00,5.580296448920033514e-01,2.582651737487744540e+07
1.031155778894472341e+01,1.460769674075169222e+00,2.831622726598579387e+00,4.292392400673748831e+00,5.536669868916888060e-01,2.582651737487760931e+07
1.037185929648241078e+01,1.467795958975665949e+00,2.780192099106263193e+00,4.247988058081928919e+00,5.522697442064523621e-01,2.582651737487780303e+07
1.043216080402009993e+01,1.548304991925545160e+00,2.743545119074315863e+00,4.291850110999861023e+00,5.533830690707859379e-01,2.582651737487799674e+07
1.049246231155778908e+01,1.486756013629982887e+00,2.790774319735848330e+00,4.277530333365831439e+00,5.529341932294860040e-01,2.582651737487817928e+07
1.055276381909547645e+01,1.344285141579740106e+00,2.828318695966908436e+00,4.172603837546648542e+00,5.496671936624921706e-01,2.582651737487833574e+07
1.061306532663316560e+01,1.518689610946923008e+00,2.797913165649629885e+00,4.316602776596552893e+00,5.532894233688293584e-01,2.582651737487851083e+07
1.067336683417085297e+01,1.509760519372346010e+00,2.756962796343263467e+00,4.266723315715609033e+00,5.517521577981900904e-01,2.582651737487869710e+07
1.073366834170854212e+01,1.623876047083488317e+00,2.834989970425917605e+00,4.458866017509405921e+00,5.564988754566588813e-01,2.582651737487885728e+07
1.079396984924623126e+01,1.218866062608493950e+00,2.853906840241661858e+00,4.072772902850156029e+00,5.449040715290524028e-01,2.582651737487899140e+07
1.085427135678391863e+01,1.531780887206214858e+00,2.823594377032679681e+00,4.355375264238894317e+00,5.517402375948162740e-01,2.582651737487913668e+07
1.091457286432160778e+01,1.552576200808407192e+00,2.826780391917139923e+00,4.379356592725547337e+00,5.523109057266056832e-01,2.582651737487931177e+07
1.097487437185929515e+01,1.453987631593054441e+00,2.808182226136887394e+00,4.262169857729942279e+00,5.488962310864003991e-01,2.582651737487953156e+07
1.103517587939698430e+01,1.439330314922960596e+00,2.814683739642558358e+00,4.254014054565518954e+00,5.486601520567310208e-01,2.582651737487972528e+07
1.109547738693467345e+01,1.462496406963313955e+00,2.811580917874815899e+00,4.274077324838129854e+00,5.491371830215084904e-01,2.582651737487990782e+07
1.115577889447236082e+01,1.530939776635499516e+00,2.832512898179554206e+00,4.363452674815054166e+00,5.512500073002436496e-01,2.582651737488007545e+07
1.121608040201004997e+01,1.546518050857495608e+00,2.804459451824952154e+00,4.350977502682447984e+00,5.508896673812114786e-01,2.582651737488025427e+07
1.127638190954773734e+01,1.344462507906533988e+00,2.780529361994699578e+00,4.124991869901233343e+00,5.444427769156885422e-01,2.582651737488044053e+07
1.133668341708542648e+01,1.409632043204115615e+00,2.752123109681894775e+00,4.161755152886010833e+00,5.453084143715579701e-01,2.582651737488061935e+07
1.139698492462311563e+01,1.455106063023890339e+00,2.812686132519340632e+00,4.267792195543231415e+00,5.477868611593802450e-01,2.582651737488080561e+07
1.145728643216080300e+01,1.459849224069794227e+00,2.783707252619313177e+00,4.243556476689107626e+00,5.471052575698185372e-01,2.582651737488097697e+07
1.151758793969849215e+01,1.486967556393210765e+00,2.817520246110140736e+00,4.304487802503351723e+00,5.485176187975545625e-01,2.582651737488116324e+07
1.157788944723618130e+01,1.478034471947000883e+00,2.837230705818331700e+00,4.315265177765332361e+00,5.487665172535796110e-01,2.582651737488135323e+07
1.163819095477386867e+01,1.463513369620034199e+00,2.824601048810405857e+00,4.288114418430439834e+00,5.480054286279552045e-01,2.582651737488151714e+07
1.169849246231155782e+01,1.462749653815375694e+00,2.844865082444948623e+00,4.307614736260324761e+00,5.484552169390536358e-01,2.582651737488169968e+07
1.175879396984924519e+01,1.514069071275907064e+00,2.822791046766176759e+00,4.336860118042084267e+00,5.491281063820854236e-01,2.582651737488187104e+07
1.181909547738693433e+01,1.377901064242745166e+00,2.782309901979052924e+00,4.160210966221797868e+00,5.442294253015351746e-01,2.582651737488204613e+07
1.187939698492462348e+01,1.468533769071507900e+00,2.856467617023993100e+00,4.325001386095500777e+00,5.479910282501284646e-01,2.582651737488221377e+07
1.193969849246231085e+01,1.521439953647015342e+00,2.811694167087423146e+00,4.333134120734438710e+00,5.481750637084168432e-01,2.582651737488239259e+07
1.200000000000000000e+01,1.451706320323003396e+00,2.771139506901472593e+00,4.222845827224475990e+00,5.451650031341910285e-01,2.582651737488256395e+07
