N_sol,delta3,pulse_shape,mask_width,mask_order,DeltaS_tot,eta_GSL_final,pass,photon_drift_max
2.5,0.01,sech,2.5,12,1.3689195698032091,0.53045658494096115,1,7.457e-06
3,0.01,sech,2.5,12,1.2250977611776275,0.52602550989143626,1,4.997e-06
3.5,0.01,sech,2.5,12,1.6115806469580818,0.53509915030872557,1,1.257e-05
4,0.01,sech,2.5,12,2.1707620042830649,0.56374356410638149,1,2.337e-03
4.5,0.01,sech,2.5,12,2.3834555951147203,0.58158020128396581,1,2.250e-03
2.5,0.032500000000000001,sech,2.5,12,1.719941304495578,0.57442989920831311,1,3.494e-03
3,0.032500000000000001,sech,2.5,12,1.5490003382195754,0.55319584756884377,1,3.424e-03
3.5,0.032500000000000001,sech,2.5,12,1.5989835591843464,0.55497372902464082,1,3.224e-03
4,0.032500000000000001,sech,2.5,12,2.0116941005359998,0.57502183518525973,1,2.410e-03
4.5,0.032500000000000001,sech,2.5,12,1.9780664455736456,0.55502597239419171,1,3.335e-03
2.5,0.055000000000000007,sech,2.5,12,1.2806742580254347,0.5674953452672582,1,3.782e-03
3,0.055000000000000007,sech,2.5,12,1.148786002377816,0.54369667030386626,1,2.063e-03
3.5,0.055000000000000007,sech,2.5,12,1.5356223697326001,0.5510956721331205,1,2.635e-03
4,0.055000000000000007,sech,2.5,12,1.6979585079778596,0.54836067780178221,1,2.355e-03
4.5,0.055000000000000007,sech,2.5,12,1.4408801231542308,0.53498524686819993,1,2.461e-03
2.5,0.077499999999999999,sech,2.5,12,1.0989108870700699,0.5771366035864024,1,2.043e-03
3,0.077499999999999999,sech,2.5,12,1.286596134853335,0.55367270702896421,1,2.015e-03
3.5,0.077499999999999999,sech,2.5,12,1.1886642990430221,0.53959256250273835,1,2.131e-03
4,0.077499999999999999,sech,2.5,12,1.3013616792380165,0.52900935687787587,1,2.409e-03
4.5,0.077499999999999999,sech,2.5,12,1.3998567594249551,0.53991587743053526,1,1.935e-03
2.5,0.10000000000000001,sech,2.5,12,0.69751038301881518,0.54500799416348111,1,1.294e-03
3,0.10000000000000001,sech,2.5,12,0.92337433510143319,0.54790347920263738,1,1.698e-03
3.5,0.10000000000000001,sech,2.5,12,1.3379654757534558,0.56353006634087688,1,2.285e-03
4,0.10000000000000001,sech,2.5,12,1.1452244224117649,0.53586083406389662,1,1.950e-03
4.5,0.10000000000000001,sech,2.5,12,1.5491276119759219,0.55217421827712798,1,1.019e-03
2.5,0.01,gaussian,2.5,12,1.6835249229737466,0.53230628286207771,1,1.727e-06
3,0.01,gaussian,2.5,12,1.5275814418476705,0.53283224208078228,1,3.286e-05
3.5,0.01,gaussian,2.5,12,1.5737303252640675,0.53627795434086978,1,3.102e-03
4,0.01,gaussian,2.5,12,2.1054998497474413,0.570017637409718,1,4.401e-03
4.5,0.01,gaussian,2.5,12,2.3051189827001051,0.59001632423722339,1,2.820e-03
2.5,0.032500000000000001,gaussian,2.5,12,1.3307700512217844,0.56332979815853867,1,3.327e-03
3,0.032500000000000001,gaussian,2.5,12,1.5677844936739853,0.5751225824699514,1,3.698e-03
3.5,0.032500000000000001,gaussian,2.5,12,1.5064372917470412,0.53680109387784347,1,3.090e-03
4,0.032500000000000001,gaussian,2.5,12,2.002110712838522,0.56243329874326509,1,4.246e-03
4.5,0.032500000000000001,gaussian,2.5,12,2.2892705900419177,0.55251063460999661,1,3.574e-03
2.5,0.055000000000000007,gaussian,2.5,12,1.0570610042758668,0.55755911740154362,1,2.765e-03
3,0.055000000000000007,gaussian,2.5,12,1.1397745882160435,0.5496730503286964,1,2.738e-03
3.5,0.055000000000000007,gaussian,2.5,12,1.3740210086845011,0.54564456436726172,1,2.330e-03
4,0.055000000000000007,gaussian,2.5,12,1.61572561612553,0.54876491702683405,1,2.911e-03
4.5,0.055000000000000007,gaussian,2.5,12,1.7113179770567357,0.54584228569661608,1,2.772e-03
2.5,0.077499999999999999,gaussian,2.5,12,0.96817809366429719,0.55699922270255331,1,2.424e-03
3,0.077499999999999999,gaussian,2.5,12,1.1421297715703775,0.55985427534288223,1,1.652e-03
3.5,0.077499999999999999,gaussian,2.5,12,1.320366069554169,0.54636149005154422,1,2.364e-03
4,0.077499999999999999,gaussian,2.5,12,1.1631809605141168,0.54024907059951388,1,2.302e-03
4.5,0.077499999999999999,gaussian,2.5,12,1.6963208286356455,0.54861787682582197,1,2.381e-03
2.5,0.10000000000000001,gaussian,2.5,12,0.60173334812078449,0.53616664397036173,1,2.306e-03
3,0.10000000000000001,gaussian,2.5,12,0.82531074100043211,0.54573678002096193,1,2.002e-03
3.5,0.10000000000000001,gaussian,2.5,12,1.1589168693192216,0.54594348773398538,1,1.875e-03
4,0.10000000000000001,gaussian,2.5,12,1.3207613312737516,0.55548257997140882,1,2.245e-03
4.5,0.10000000000000001,gaussian,2.5,12,1.4367736955520543,0.54609094208681164,1,1.869e-03
2.5,0.01,super_gaussian,2.5,12,0.76531689460367502,0.51905719844642095,1,1.066e-05
3,0.01,super_gaussian,2.5,12,1.291213231023943,0.54696759563777086,1,3.802e-03
3.5,0.01,super_gaussian,2.5,12,1.7241148046013541,0.5760247918134942,1,3.720e-03
4,0.01,super_gaussian,2.5,12,1.8718988953153919,0.57251408356172462,1,3.398e-03
4.5,0.01,super_gaussian,2.5,12,1.4269723152957763,0.55614086816193298,1,1.481e-03
2.5,0.032500000000000001,super_gaussian,2.5,12,0.97242958112780276,0.55110338224410627,1,3.293e-03
3,0.032500000000000001,super_gaussian,2.5,12,1.3044020913885399,0.55990398752544923,1,4.224e-03
3.5,0.032500000000000001,super_gaussian,2.5,12,1.3167865949032036,0.54325620520499274,1,2.209e-03
4,0.032500000000000001,super_gaussian,2.5,12,0.85882281142425265,0.52397794466787684,1,2.534e-03
4.5,0.032500000000000001,super_gaussian,2.5,12,1.3436844854393759,0.52845573642304389,1,2.690e-03
2.5,0.055000000000000007,super_gaussian,2.5,12,1.0128242376649528,0.56525248208840961,1,2.693e-03
3,0.055000000000000007,super_gaussian,2.5,12,0.95785051372822894,0.54312564569274657,1,2.418e-03
3.5,0.055000000000000007,super_gaussian,2.5,12,1.2503563129081465,0.55202038398586295,1,2.988e-03
4,0.055000000000000007,super_gaussian,2.5,12,1.3206136359208061,0.53722974315735561,1,2.754e-03
4.5,0.055000000000000007,super_gaussian,2.5,12,1.1218467931309153,0.52695768489213191,1,2.367e-03
2.5,0.077499999999999999,super_gaussian,2.5,12,0.60627086248987228,0.53568164389480644,1,2.288e-03
3,0.077499999999999999,super_gaussian,2.5,12,0.64612409013717853,0.52671912297898527,1,2.046e-03
3.5,0.077499999999999999,super_gaussian,2.5,12,0.88446800054759311,0.52338102586304136,1,1.981e-03
4,0.077499999999999999,super_gaussian,2.5,12,1.1677995188034549,0.53898559272661317,1,2.333e-03
4.5,0.077499999999999999,super_gaussian,2.5,12,1.2104323956946734,0.53304840603820447,1,2.363e-03
2.5,0.10000000000000001,super_gaussian,2.5,12,0.32371796338777292,0.51781884737584671,1,2.034e-03
3,0.10000000000000001,super_gaussian,2.5,12,0.70477327000586376,0.53444244129940643,1,1.683e-03
3.5,0.10000000000000001,super_gaussian,2.5,12,0.71566445377517685,0.52741155263146733,1,1.477e-03
4,0.10000000000000001,super_gaussian,2.5,12,0.4968750475810535,0.51631009084133961,1,1.928e-03
4.5,0.10000000000000001,super_gaussian,2.5,12,1.0209807336121752,0.52737549830958186,1,1.370e-03
2.5,0.01,chirped,2.5,12,0.44389421193783374,0.50957734536720356,1,2.175e-05
3,0.01,chirped,2.5,12,0.99085038061506125,0.51869753296281107,1,1.659e-05
3.5,0.01,chirped,2.5,12,1.442969090033333,0.53082122273115973,1,2.358e-03
4,0.01,chirped,2.5,12,1.5241270560803999,0.54754791259480962,1,2.880e-03
4.5,0.01,chirped,2.5,12,2.2191332696566128,0.58394875313336192,1,3.036e-03
2.5,0.032500000000000001,chirped,2.5,12,1.0005810112920352,0.55830589442161349,1,3.641e-03
3,0.032500000000000001,chirped,2.5,12,1.2570616230126106,0.55085993633056096,1,3.352e-03
3.5,0.032500000000000001,chirped,2.5,12,1.345081401015169,0.53832699675040507,1,2.746e-03
4,0.032500000000000001,chirped,2.5,12,1.6589417977520649,0.55861040063060585,1,3.889e-03
4.5,0.032500000000000001,chirped,2.5,12,1.8707949875130288,0.55983494325486005,1,2.462e-03
2.5,0.055000000000000007,chirped,2.5,12,1.1061492732698093,0.57086449960750996,1,2.615e-03
3,0.055000000000000007,chirped,2.5,12,0.87273653762988346,0.53477967241183999,1,2.656e-03
3.5,0.055000000000000007,chirped,2.5,12,1.3313665358832218,0.53720437464385695,1,2.903e-03
4,0.055000000000000007,chirped,2.5,12,1.0378073605535119,0.52898587129978136,1,2.271e-03
4.5,0.055000000000000007,chirped,2.5,12,1.4764564174617147,0.54690902532878716,1,2.348e-03
2.5,0.077499999999999999,chirped,2.5,12,0.7489988255991511,0.55652948104231137,1,2.507e-03
3,0.077499999999999999,chirped,2.5,12,0.83460689290495038,0.5349039466924399,1,1.821e-03
3.5,0.077499999999999999,chirped,2.5,12,0.48816351493196164,0.51634645363527765,1,2.100e-03
4,0.077499999999999999,chirped,2.5,12,1.0940833917036343,0.52844165856950853,1,1.802e-03
4.5,0.077499999999999999,chirped,2.5,12,1.2527420385422783,0.54052558198871981,1,1.990e-03
2.5,0.10000000000000001,chirped,2.5,12,0.48490163310002865,0.53774099883056226,1,2.032e-03
3,0.10000000000000001,chirped,2.5,12,0.70085118987509398,0.53583413780126599,1,2.325e-03
3.5,0.10000000000000001,chirped,2.5,12,0.83740484274059535,0.52874837342168779,1,1.536e-03
4,0.10000000000000001,chirped,2.5,12,1.0331824545988715,0.5401574924332132,1,1.775e-03
4.5,0.10000000000000001,chirped,2.5,12,1.1460383053866146,0.53164145723678213,1,2.239e-03
2.5,0.01,sech,3,10,1.2872838557529755,0.52602513008541063,1,7.457e-06
3,0.01,sech,3,10,1.1712724202591152,0.52349947256890283,1,4.997e-06
3.5,0.01,sech,3,10,1.5506797733574142,0.53665770925267731,1,1.257e-05
4,0.01,sech,3,10,2.1030064116528506,0.57022384649407198,1,2.337e-03
4.5,0.01,sech,3,10,2.3549551866014129,0.58827751285921448,1,2.250e-03
2.5,0.032500000000000001,sech,3,10,1.7088168383422238,0.57329861596475917,1,3.494e-03
3,0.032500000000000001,sech,3,10,1.4181998811863479,0.55187144853054393,1,3.424e-03
3.5,0.032500000000000001,sech,3,10,1.5715418708604449,0.55750874127919203,1,3.224e-03
4,0.032500000000000001,sech,3,10,1.9408140138085463,0.57772993463536726,1,2.410e-03
4.5,0.032500000000000001,sech,3,10,1.8589849393474891,0.55461958167571557,1,3.335e-03
2.5,0.055000000000000007,sech,3,10,1.2469190381437993,0.57063900505963883,1,3.782e-03
3,0.055000000000000007,sech,3,10,1.0833849576413139,0.54427872502685215,1,2.063e-03
3.5,0.055000000000000007,sech,3,10,1.442290930476418,0.55270271447870545,1,2.635e-03
4,0.055000000000000007,sech,3,10,1.668570520269121,0.55023108816471178,1,2.355e-03
4.5,0.055000000000000007,sech,3,10,1.4697862920593874,0.5354796607813902,1,2.461e-03
2.5,0.077499999999999999,sech,3,10,1.0504754682253505,0.57723713338886595,1,2.043e-03
3,0.077499999999999999,sech,3,10,1.2861086070433494,0.5585111826796243,1,2.015e-03
3.5,0.077499999999999999,sech,3,10,1.1287546312418959,0.54218622404778227,1,2.131e-03
4,0.077499999999999999,sech,3,10,1.1821644615939371,0.53017599690887129,1,2.409e-03
4.5,0.077499999999999999,sech,3,10,1.3270651826480453,0.542217247994217,1,1.935e-03
2.5,0.10000000000000001,sech,3,10,0.6542131769816546,0.54409792721838324,1,1.294e-03
3,0.10000000000000001,sech,3,10,0.88456824844720439,0.55017420567385622,1,1.698e-03
3.5,0.10000000000000001,sech,3,10,1.2761809725186577,0.564607921558962,1,2.285e-03
4,0.10000000000000001,sech,3,10,1.0376236336137059,0.53571302554749112,1,1.950e-03
4.5,0.10000000000000001,sech,3,10,1.3814398067499161,0.54848559390572726,1,1.019e-03
2.5,0.01,gaussian,3,10,1.6975019288127147,0.53015709139548417,1,1.727e-06
3,0.01,gaussian,3,10,1.7166815115507648,0.53344868525964528,1,3.286e-05
3.5,0.01,gaussian,3,10,1.5550878107368442,0.5356701409347534,1,3.102e-03
4,0.01,gaussian,3,10,2.0247869214786949,0.57463524065753357,1,4.401e-03
4.5,0.01,gaussian,3,10,2.2818095446680262,0.59787218386144136,1,2.820e-03
2.5,0.032500000000000001,gaussian,3,10,1.3246201723692517,0.56384459428479783,1,3.327e-03
3,0.032500000000000001,gaussian,3,10,1.4842432137126456,0.57144571827213786,1,3.698e-03
3.5,0.032500000000000001,gaussian,3,10,1.4664711977201712,0.54058455987329324,1,3.090e-03
4,0.032500000000000001,gaussian,3,10,1.9483957951972721,0.56419689424437269,1,4.246e-03
4.5,0.032500000000000001,gaussian,3,10,2.179683827133458,0.55686880187995036,1,3.574e-03
2.5,0.055000000000000007,gaussian,3,10,1.0749419011271222,0.5580626366762641,1,2.765e-03
3,0.055000000000000007,gaussian,3,10,1.1255143193469275,0.55513825647154957,1,2.738e-03
3.5,0.055000000000000007,gaussian,3,10,1.3221913409277382,0.54807406547382809,1,2.330e-03
4,0.055000000000000007,gaussian,3,10,1.5684094191488023,0.55334583642658808,1,2.911e-03
4.5,0.055000000000000007,gaussian,3,10,1.6304944600128182,0.54252564213494658,1,2.772e-03
2.5,0.077499999999999999,gaussian,3,10,0.93785123348305843,0.55439719220391448,1,2.424e-03
3,0.077499999999999999,gaussian,3,10,1.1924480387549115,0.56538669360774474,1,1.652e-03
3.5,0.077499999999999999,gaussian,3,10,1.2251603859353595,0.54836160708747583,1,2.364e-03
4,0.077499999999999999,gaussian,3,10,1.1387036834163049,0.5429630105243739,1,2.302e-03
4.5,0.077499999999999999,gaussian,3,10,1.5663318529155115,0.54799873311199121,1,2.381e-03
2.5,0.10000000000000001,gaussian,3,10,0.54617957447513366,0.53048717852944227,1,2.306e-03
3,0.10000000000000001,gaussian,3,10,0.80810842407933059,0.54462208384205979,1,2.002e-03
3.5,0.10000000000000001,gaussian,3,10,1.0999538327140828,0.54855693317543697,1,1.875e-03
4,0.10000000000000001,gaussian,3,10,1.2326683513760028,0.55700764587110629,1,2.245e-03
4.5,0.10000000000000001,gaussian,3,10,1.2861635111904288,0.54521364714369713,1,1.869e-03
2.5,0.01,super_gaussian,3,10,0.87990766768952788,0.51970547454044158,1,1.066e-05
3,0.01,super_gaussian,3,10,1.641094080032488,0.56474860758982504,1,3.802e-03
3.5,0.01,super_gaussian,3,10,2.0637280624866081,0.60035089666329255,1,3.720e-03
4,0.01,super_gaussian,3,10,2.2048431194130917,0.59167755965569069,1,3.398e-03
4.5,0.01,super_gaussian,3,10,1.7423118210619108,0.57430089219217062,1,1.481e-03
2.5,0.032500000000000001,super_gaussian,3,10,1.3150940917771745,0.56769033778385114,1,3.293e-03
3,0.032500000000000001,super_gaussian,3,10,1.5754518026487854,0.57509889807310788,1,4.224e-03
3.5,0.032500000000000001,super_gaussian,3,10,1.6202208779665801,0.55582770729326869,1,2.209e-03
4,0.032500000000000001,super_gaussian,3,10,1.2065493951809922,0.5368846578719505,1,2.534e-03
4.5,0.032500000000000001,super_gaussian,3,10,1.5536618463831218,0.5323095856544503,1,2.690e-03
2.5,0.055000000000000007,super_gaussian,3,10,1.3056885547445822,0.58375697827054962,1,2.693e-03
3,0.055000000000000007,super_gaussian,3,10,1.2375391145422698,0.55814190519065232,1,2.418e-03
3.5,0.055000000000000007,super_gaussian,3,10,1.6293638127920209,0.57000835053764665,1,2.988e-03
4,0.055000000000000007,super_gaussian,3,10,1.6146967073290925,0.54841578629408716,1,2.754e-03
4.5,0.055000000000000007,super_gaussian,3,10,1.4420621958024338,0.53638471023027656,1,2.367e-03
2.5,0.077499999999999999,super_gaussian,3,10,0.98377307696498706,0.555165982107092,1,2.288e-03
3,0.077499999999999999,super_gaussian,3,10,0.9902550991132899,0.54335034218338774,1,2.046e-03
3.5,0.077499999999999999,super_gaussian,3,10,1.1610277011858376,0.53515186285386596,1,1.981e-03
4,0.077499999999999999,super_gaussian,3,10,1.4142364110254935,0.54950737170370767,1,2.333e-03
4.5,0.077499999999999999,super_gaussian,3,10,1.5021533903058097,0.54314486007435481,1,2.363e-03
2.5,0.10000000000000001,super_gaussian,3,10,0.58655678572404701,0.5320035324953386,1,2.034e-03
3,0.10000000000000001,super_gaussian,3,10,0.94579609387781094,0.54756917628220814,1,1.683e-03
3.5,0.10000000000000001,super_gaussian,3,10,1.0259095427429599,0.54334932483602649,1,1.477e-03
4,0.10000000000000001,super_gaussian,3,10,0.90338687916483584,0.53176245336439998,1,1.928e-03
4.5,0.10000000000000001,super_gaussian,3,10,1.3908865887393556,0.53811907684116822,1,1.370e-03
2.5,0.01,chirped,3,10,0.34755034114223315,0.50664346870697696,1,2.175e-05
3,0.01,chirped,3,10,1.1381226906454271,0.52028295377866773,1,1.659e-05
3.5,0.01,chirped,3,10,1.6514697525026465,0.53804482914461915,1,2.358e-03
4,0.01,chirped,3,10,1.6264976959065933,0.5591025743501401,1,2.880e-03
4.5,0.01,chirped,3,10,2.222875898646957,0.58818706061552672,1,3.036e-03
2.5,0.032500000000000001,chirped,3,10,1.071422250980683,0.56030276153781067,1,3.641e-03
3,0.032500000000000001,chirped,3,10,1.3775266525755829,0.56593647120733337,1,3.352e-03
3.5,0.032500000000000001,chirped,3,10,1.4673536812717973,0.54683089372369831,1,2.746e-03
4,0.032500000000000001,chirped,3,10,1.6329542235877432,0.55821306407108007,1,3.889e-03
4.5,0.032500000000000001,chirped,3,10,1.8625281805346923,0.56007731067724531,1,2.462e-03
2.5,0.055000000000000007,chirped,3,10,1.2410695493792265,0.57777105346284385,1,2.615e-03
3,0.055000000000000007,chirped,3,10,1.0415637609278998,0.54537083095404049,1,2.656e-03
3.5,0.055000000000000007,chirped,3,10,1.3714316198496381,0.54388216904890141,1,2.903e-03
4,0.055000000000000007,chirped,3,10,0.93156220647591947,0.52812679857407496,1,2.271e-03
4.5,0.055000000000000007,chirped,3,10,1.5234980880568298,0.54940746477376579,1,2.348e-03
2.5,0.077499999999999999,chirped,3,10,0.88798160131401271,0.56509154213096413,1,2.507e-03
3,0.077499999999999999,chirped,3,10,1.0465897440449288,0.549064578247071,1,1.821e-03
3.5,0.077499999999999999,chirped,3,10,0.66281262918132855,0.52442521415798782,1,2.100e-03
4,0.077499999999999999,chirped,3,10,1.1829354262455993,0.53375708097302599,1,1.802e-03
4.5,0.077499999999999999,chirped,3,10,1.2762291211324239,0.54311330102990718,1,1.990e-03
2.5,0.10000000000000001,chirped,3,10,0.48850044830692418,0.53585807115290252,1,2.032e-03
3,0.10000000000000001,chirped,3,10,0.87827240584475552,0.55155487995590491,1,2.325e-03
3.5,0.10000000000000001,chirped,3,10,0.89270509382261043,0.53638134280184957,1,1.536e-03
4,0.10000000000000001,chirped,3,10,1.0254842989888986,0.54376226750182011,1,1.775e-03
4.5,0.10000000000000001,chirped,3,10,1.0628456628356182,0.53002125896660135,1,2.239e-03
2.5,0.01,sech,4,8,1.3401548866532877,0.52115933351912513,1,7.457e-06
3,0.01,sech,4,8,1.4003474812929491,0.52527822868088192,1,4.997e-06
3.5,0.01,sech,4,8,1.5850490399571631,0.53976598376144835,1,1.257e-05
4,0.01,sech,4,8,2.0184670564132201,0.57233462685196002,1,2.337e-03
4.5,0.01,sech,4,8,2.2568114934476853,0.59842112674569092,1,2.250e-03
2.5,0.032500000000000001,sech,4,8,1.8399043922665719,0.57410345842047716,1,3.494e-03
3,0.032500000000000001,sech,4,8,1.4043879608439345,0.55436494366245237,1,3.424e-03
3.5,0.032500000000000001,sech,4,8,1.5762626090788938,0.56460904381563504,1,3.224e-03
4,0.032500000000000001,sech,4,8,1.9398927007043278,0.58307338040390189,1,2.410e-03
4.5,0.032500000000000001,sech,4,8,1.7448351458362676,0.559258315895378,1,3.335e-03
2.5,0.055000000000000007,sech,4,8,1.3324239826829012,0.57436722101840509,1,3.782e-03
3,0.055000000000000007,sech,4,8,1.2477751022736383,0.558323415322318,1,2.063e-03
3.5,0.055000000000000007,sech,4,8,1.4408800928256071,0.5611278879002648,1,2.635e-03
4,0.055000000000000007,sech,4,8,1.6451878575792582,0.55513860196051368,1,2.355e-03
4.5,0.055000000000000007,sech,4,8,1.3355252775277848,0.53695721005484798,1,2.461e-03
2.5,0.077499999999999999,sech,4,8,0.90090023911378703,0.56019388598683073,1,2.043e-03
3,0.077499999999999999,sech,4,8,1.3449067891374913,0.55892791320303015,1,2.015e-03
3.5,0.077499999999999999,sech,4,8,1.1275195120910135,0.54537035192696282,1,2.131e-03
4,0.077499999999999999,sech,4,8,1.2243845281016017,0.53850360675711251,1,2.409e-03
4.5,0.077499999999999999,sech,4,8,1.3694012018739663,0.54763509438297509,1,1.935e-03
2.5,0.10000000000000001,sech,4,8,0.4543390445406903,0.52772389812489839,1,1.294e-03
3,0.10000000000000001,sech,4,8,0.84996095444407249,0.54761217186989675,1,1.698e-03
3.5,0.10000000000000001,sech,4,8,1.268180943417422,0.56545310184342179,1,2.285e-03
4,0.10000000000000001,sech,4,8,1.249923714487847,0.55380942549363443,1,1.950e-03
4.5,0.10000000000000001,sech,4,8,1.2752724840830045,0.5525749138229793,1,1.019e-03
2.5,0.01,gaussian,4,8,1.9973607384962433,0.53221939909543603,1,1.727e-06
3,0.01,gaussian,4,8,2.1477642536343047,0.53139550977130234,1,3.286e-05
3.5,0.01,gaussian,4,8,1.8132174236419116,0.54445208636234865,1,3.102e-03
4,0.01,gaussian,4,8,2.1096880228432289,0.58232096996098071,1,4.401e-03
4.5,0.01,gaussian,4,8,2.4263987449389672,0.61897345464036124,1,2.820e-03
2.5,0.032500000000000001,gaussian,4,8,1.5938931920601935,0.56914448188397893,1,3.327e-03
3,0.032500000000000001,gaussian,4,8,1.7698275580973357,0.57832159943192885,1,3.698e-03
3.5,0.032500000000000001,gaussian,4,8,1.6855953605289562,0.55857368490848469,1,3.090e-03
4,0.032500000000000001,gaussian,4,8,2.1261734482054422,0.58228898454250855,1,4.246e-03
4.5,0.032500000000000001,gaussian,4,8,2.2266499696569992,0.5700632566132805,1,3.574e-03
2.5,0.055000000000000007,gaussian,4,8,1.3043581133018711,0.56157275343329516,1,2.765e-03
3,0.055000000000000007,gaussian,4,8,1.449533398182528,0.57790270566669888,1,2.738e-03
3.5,0.055000000000000007,gaussian,4,8,1.538795948538354,0.56510256007909754,1,2.330e-03
4,0.055000000000000007,gaussian,4,8,1.7191241139932254,0.56585945447084307,1,2.911e-03
4.5,0.055000000000000007,gaussian,4,8,1.7553547603139403,0.55101843295497666,1,2.772e-03
2.5,0.077499999999999999,gaussian,4,8,0.99887421361065476,0.54973278966109163,1,2.424e-03
3,0.077499999999999999,gaussian,4,8,1.3918197479997363,0.57575751415621768,1,1.652e-03
3.5,0.077499999999999999,gaussian,4,8,1.4495112035471784,0.56198571125167418,1,2.364e-03
4,0.077499999999999999,gaussian,4,8,1.4320577861105575,0.56268633495098663,1,2.302e-03
4.5,0.077499999999999999,gaussian,4,8,1.7655913343884579,0.5640547494012218,1,2.381e-03
2.5,0.10000000000000001,gaussian,4,8,0.45875531591478147,0.52237678515132291,1,2.306e-03
3,0.10000000000000001,gaussian,4,8,0.89872783344023111,0.54663411663212091,1,2.002e-03
3.5,0.10000000000000001,gaussian,4,8,1.3242632205385982,0.56133669022427413,1,1.875e-03
4,0.10000000000000001,gaussian,4,8,1.4339459464851219,0.57561322210103427,1,2.245e-03
4.5,0.10000000000000001,gaussian,4,8,1.5010775781497512,0.55980882474114713,1,1.869e-03
2.5,0.01,super_gaussian,4,8,0.60362333745396946,0.50977940348038475,1,1.066e-05
3,0.01,super_gaussian,4,8,1.7526928437702027,0.56491449323273291,1,3.802e-03
3.5,0.01,super_gaussian,4,8,2.1019598910738697,0.62387219939497518,1,3.720e-03
4,0.01,super_gaussian,4,8,2.290867654745087,0.61418924321106549,1,3.398e-03
4.5,0.01,super_gaussian,4,8,1.8482730037649979,0.58441779381993297,1,1.481e-03
2.5,0.032500000000000001,super_gaussian,4,8,1.4714439299955666,0.57407012301583626,1,3.293e-03
3,0.032500000000000001,super_gaussian,4,8,1.7223536641119366,0.59809745286120197,1,4.224e-03
3.5,0.032500000000000001,super_gaussian,4,8,1.7618773228172175,0.56606005147600413,1,2.209e-03
4,0.032500000000000001,super_gaussian,4,8,1.3382328268050028,0.5448887290145511,1,2.534e-03
4.5,0.032500000000000001,super_gaussian,4,8,1.6542425864158914,0.5336133666624352,1,2.690e-03
2.5,0.055000000000000007,super_gaussian,4,8,1.4758061546890597,0.58730389334008626,1,2.693e-03
3,0.055000000000000007,super_gaussian,4,8,1.3127719017460548,0.56761882550484599,1,2.418e-03
3.5,0.055000000000000007,super_gaussian,4,8,1.6237241427422848,0.57688837420422689,1,2.988e-03
4,0.055000000000000007,super_gaussian,4,8,1.7058613518645842,0.55703864014614068,1,2.754e-03
4.5,0.055000000000000007,super_gaussian,4,8,1.4737240115027954,0.54009203790821925,1,2.367e-03
2.5,0.077499999999999999,super_gaussian,4,8,1.1348611905037855,0.55709177672147692,1,2.288e-03
3,0.077499999999999999,super_gaussian,4,8,1.1727797825101782,0.55734739419749812,1,2.046e-03
3.5,0.077499999999999999,super_gaussian,4,8,1.1964250757071082,0.54350155856802995,1,1.981e-03
4,0.077499999999999999,super_gaussian,4,8,1.5278913696340801,0.56376195106807236,1,2.333e-03
4.5,0.077499999999999999,super_gaussian,4,8,1.6212054744450954,0.55769004843536818,1,2.363e-03
2.5,0.10000000000000001,super_gaussian,4,8,0.59553636120828379,0.53226181977746478,1,2.034e-03
3,0.10000000000000001,super_gaussian,4,8,1.0309829653970479,0.5510805247421745,1,1.683e-03
3.5,0.10000000000000001,super_gaussian,4,8,1.0728756352891788,0.54922083965430002,1,1.477e-03
4,0.10000000000000001,super_gaussian,4,8,1.0667992822814516,0.54547594743239725,1,1.928e-03
4.5,0.10000000000000001,super_gaussian,4,8,1.4865433541322721,0.54979779065029299,1,1.370e-03
2.5,0.01,chirped,4,8,0.096321957859609064,0.50155179964466001,1,2.175e-05
3,0.01,chirped,4,8,1.2235300542957095,0.52052485358212985,1,1.659e-05
3.5,0.01,chirped,4,8,1.8114900812239307,0.53587566247455709,1,2.358e-03
4,0.01,chirped,4,8,1.5218203065492655,0.56199443769817059,1,2.880e-03
4.5,0.01,chirped,4,8,2.2665689319582021,0.60586635853220105,1,3.036e-03
2.5,0.032500000000000001,chirped,4,8,1.2189537943870432,0.56386850604055438,1,3.641e-03
3,0.032500000000000001,chirped,4,8,1.4672615578654513,0.57605838776299356,1,3.352e-03
3.5,0.032500000000000001,chirped,4,8,1.4521402080881263,0.5581829431422769,1,2.746e-03
4,0.032500000000000001,chirped,4,8,1.6775252063817163,0.57104175493475073,1,3.889e-03
4.5,0.032500000000000001,chirped,4,8,1.7628402494047619,0.55887420931818488,1,2.462e-03
2.5,0.055000000000000007,chirped,4,8,1.3999272833495713,0.59497593720438557,1,2.615e-03
3,0.055000000000000007,chirped,4,8,1.1749375560075821,0.55950232542653788,1,2.656e-03
3.5,0.055000000000000007,chirped,4,8,1.3518493906861488,0.55156176658761724,1,2.903e-03
4,0.055000000000000007,chirped,4,8,0.96588311944528638,0.53332945891643158,1,2.271e-03
4.5,0.055000000000000007,chirped,4,8,1.4768537729452618,0.55906057969791723,1,2.348e-03
2.5,0.077499999999999999,chirped,4,8,0.80887137008338961,0.55044001702596967,1,2.507e-03
3,0.077499999999999999,chirped,4,8,1.0847630405483759,0.55399416144407621,1,1.821e-03
3.5,0.077499999999999999,chirped,4,8,0.89722030198806024,0.54027708206865466,1,2.100e-03
4,0.077499999999999999,chirped,4,8,1.2550577201630069,0.54619670334741055,1,1.802e-03
4.5,0.077499999999999999,chirped,4,8,1.2231321837056308,0.54421824226444582,1,1.990e-03
2.5,0.10000000000000001,chirped,4,8,0.40203753166931344,0.52722155452929276,1,2.032e-03
3,0.10000000000000001,chirped,4,8,0.77359295978760079,0.54257012428713258,1,2.325e-03
3.5,0.10000000000000001,chirped,4,8,0.99456419168822396,0.54659676847665462,1,1.536e-03
4,0.10000000000000001,chirped,4,8,1.0396137077216303,0.5511797588936439,1,1.775e-03
4.5,0.10000000000000001,chirped,4,8,1.0271034031017923,0.5355090242077295,1,2.239e-03
